-- phpMyAdmin SQL Dump
-- version 4.9.5deb2
-- https://www.phpmyadmin.net/
--
-- Host: localhost:3306
-- Generation Time: May 12, 2022 at 08:39 PM
-- Server version: 8.0.29-0ubuntu0.20.04.3
-- PHP Version: 7.4.29

SET SQL_MODE = "NO_AUTO_VALUE_ON_ZERO";
SET AUTOCOMMIT = 0;
START TRANSACTION;
SET time_zone = "+00:00";


/*!40101 SET @OLD_CHARACTER_SET_CLIENT=@@CHARACTER_SET_CLIENT */;
/*!40101 SET @OLD_CHARACTER_SET_RESULTS=@@CHARACTER_SET_RESULTS */;
/*!40101 SET @OLD_COLLATION_CONNECTION=@@COLLATION_CONNECTION */;
/*!40101 SET NAMES utf8mb4 */;

--
-- Database: `books_db`
--

-- --------------------------------------------------------

--
-- Table structure for table `authors`
--

CREATE TABLE `authors` (
  `id` bigint UNSIGNED NOT NULL,
  `name` varchar(255) COLLATE utf8mb4_unicode_ci NOT NULL,
  `created_at` timestamp NULL DEFAULT NULL,
  `updated_at` timestamp NULL DEFAULT NULL
) ENGINE=InnoDB DEFAULT CHARSET=utf8mb4 COLLATE=utf8mb4_unicode_ci;

--
-- Dumping data for table `authors`
--

INSERT INTO `authors` (`id`, `name`, `created_at`, `updated_at`) VALUES
(1, 'Fyodor Dostoevsky', '2022-05-08 20:14:38', NULL),
(2, 'Goswami, Jaideva', '2022-05-09 12:44:25', '2022-05-09 12:44:25'),
(3, 'Foreman, John', '2022-05-09 12:44:25', '2022-05-09 12:44:25'),
(4, 'Hawking, Stephen', '2022-05-09 12:44:25', '2022-05-09 12:44:25'),
(5, 'Dubner, Stephen', '2022-05-09 12:44:25', '2022-05-09 12:44:25'),
(6, 'Said, Edward', '2022-05-09 12:44:25', '2022-05-09 12:44:25'),
(7, 'Vapnik, Vladimir', '2022-05-09 12:44:25', '2022-05-09 12:44:25'),
(8, 'Menon, V P', '2022-05-09 12:44:25', '2022-05-09 12:44:25'),
(9, 'Mlodinow, Leonard', '2022-05-09 12:44:25', '2022-05-09 12:44:25'),
(10, 'Shih, Frank', '2022-05-09 12:44:25', '2022-05-09 12:44:25'),
(11, 'Konnikova, Maria', '2022-05-09 12:44:25', '2022-05-09 12:44:25'),
(12, 'Sebastian Gutierrez', '2022-05-09 12:44:25', '2022-05-09 12:44:25'),
(13, 'Vonnegut, Kurt', '2022-05-09 12:44:25', '2022-05-09 12:44:25'),
(14, 'Villani, Cedric', '2022-05-09 12:44:25', '2022-05-09 12:44:25'),
(15, 'Sussman, Gerald', '2022-05-09 12:44:25', '2022-05-09 12:44:25'),
(16, 'Goswami, Jaideva', '2022-05-09 12:45:01', '2022-05-09 12:45:01'),
(17, 'Foreman, John', '2022-05-09 12:45:01', '2022-05-09 12:45:01'),
(18, 'Hawking, Stephen', '2022-05-09 12:45:01', '2022-05-09 12:45:01'),
(19, 'Dubner, Stephen', '2022-05-09 12:45:01', '2022-05-09 12:45:01'),
(20, 'Said, Edward', '2022-05-09 12:45:01', '2022-05-09 12:45:01'),
(21, 'Vapnik, Vladimir', '2022-05-09 12:45:01', '2022-05-09 12:45:01'),
(22, 'Menon, V P', '2022-05-09 12:45:01', '2022-05-09 12:45:01'),
(23, 'Mlodinow, Leonard', '2022-05-09 12:45:01', '2022-05-09 12:45:01'),
(24, 'Shih, Frank', '2022-05-09 12:45:01', '2022-05-09 12:45:01'),
(25, 'Konnikova, Maria', '2022-05-09 12:45:01', '2022-05-09 12:45:01'),
(26, 'Sebastian Gutierrez', '2022-05-09 12:45:01', '2022-05-09 12:45:01'),
(27, 'Vonnegut, Kurt', '2022-05-09 12:45:01', '2022-05-09 12:45:01'),
(28, 'Villani, Cedric', '2022-05-09 12:45:01', '2022-05-09 12:45:01'),
(29, 'Sussman, Gerald', '2022-05-09 12:45:01', '2022-05-09 12:45:01'),
(30, 'Goswami, Jaideva', '2022-05-09 12:47:38', '2022-05-09 12:47:38'),
(31, 'Foreman, John', '2022-05-09 12:47:38', '2022-05-09 12:47:38'),
(32, 'Hawking, Stephen', '2022-05-09 12:47:38', '2022-05-09 12:47:38'),
(33, 'Dubner, Stephen', '2022-05-09 12:47:38', '2022-05-09 12:47:38'),
(34, 'Said, Edward', '2022-05-09 12:47:38', '2022-05-09 12:47:38'),
(35, 'Vapnik, Vladimir', '2022-05-09 12:47:38', '2022-05-09 12:47:38'),
(36, 'Menon, V P', '2022-05-09 12:47:38', '2022-05-09 12:47:38'),
(37, 'Mlodinow, Leonard', '2022-05-09 12:47:38', '2022-05-09 12:47:38'),
(38, 'Shih, Frank', '2022-05-09 12:47:38', '2022-05-09 12:47:38'),
(39, 'Konnikova, Maria', '2022-05-09 12:47:38', '2022-05-09 12:47:38'),
(40, 'Sebastian Gutierrez', '2022-05-09 12:47:38', '2022-05-09 12:47:38'),
(41, 'Vonnegut, Kurt', '2022-05-09 12:47:38', '2022-05-09 12:47:38'),
(42, 'Villani, Cedric', '2022-05-09 12:47:38', '2022-05-09 12:47:38'),
(43, 'Sussman, Gerald', '2022-05-09 12:47:38', '2022-05-09 12:47:38'),
(44, 'Goswami, Jaideva', '2022-05-09 13:06:03', '2022-05-09 13:06:03'),
(45, 'Foreman, John', '2022-05-09 13:06:03', '2022-05-09 13:06:03'),
(46, 'Hawking, Stephen', '2022-05-09 13:06:03', '2022-05-09 13:06:03'),
(47, 'Dubner, Stephen', '2022-05-09 13:06:03', '2022-05-09 13:06:03'),
(48, 'Said, Edward', '2022-05-09 13:06:03', '2022-05-09 13:06:03'),
(49, 'Vapnik, Vladimir', '2022-05-09 13:06:03', '2022-05-09 13:06:03'),
(50, 'Menon, V P', '2022-05-09 13:06:03', '2022-05-09 13:06:03'),
(51, 'Mlodinow, Leonard', '2022-05-09 13:06:03', '2022-05-09 13:06:03'),
(52, 'Shih, Frank', '2022-05-09 13:06:03', '2022-05-09 13:06:03'),
(53, 'Konnikova, Maria', '2022-05-09 13:06:03', '2022-05-09 13:06:03'),
(54, 'Sebastian Gutierrez', '2022-05-09 13:06:03', '2022-05-09 13:06:03'),
(55, 'Vonnegut, Kurt', '2022-05-09 13:06:03', '2022-05-09 13:06:03'),
(56, 'Villani, Cedric', '2022-05-09 13:06:03', '2022-05-09 13:06:03'),
(57, 'Sussman, Gerald', '2022-05-09 13:06:03', '2022-05-09 13:06:03'),
(58, 'Goswami, Jaideva', '2022-05-09 13:08:58', '2022-05-09 13:08:58'),
(59, 'Foreman, John', '2022-05-09 13:08:58', '2022-05-09 13:08:58'),
(60, 'Hawking, Stephen', '2022-05-09 13:08:58', '2022-05-09 13:08:58'),
(61, 'Dubner, Stephen', '2022-05-09 13:08:58', '2022-05-09 13:08:58'),
(62, 'Said, Edward', '2022-05-09 13:08:58', '2022-05-09 13:08:58'),
(63, 'Vapnik, Vladimir', '2022-05-09 13:08:58', '2022-05-09 13:08:58'),
(64, 'Menon, V P', '2022-05-09 13:08:58', '2022-05-09 13:08:58'),
(65, 'Mlodinow, Leonard', '2022-05-09 13:08:58', '2022-05-09 13:08:58'),
(66, 'Shih, Frank', '2022-05-09 13:08:58', '2022-05-09 13:08:58'),
(67, 'Konnikova, Maria', '2022-05-09 13:08:58', '2022-05-09 13:08:58'),
(68, 'Sebastian Gutierrez', '2022-05-09 13:08:58', '2022-05-09 13:08:58'),
(69, 'Vonnegut, Kurt', '2022-05-09 13:08:58', '2022-05-09 13:08:58'),
(70, 'Villani, Cedric', '2022-05-09 13:08:58', '2022-05-09 13:08:58'),
(71, 'Sussman, Gerald', '2022-05-09 13:08:58', '2022-05-09 13:08:58'),
(72, 'Goswami, Jaideva', '2022-05-09 14:19:58', '2022-05-09 14:19:58'),
(73, 'Foreman, John', '2022-05-09 14:19:58', '2022-05-09 14:19:58'),
(74, 'Hawking, Stephen', '2022-05-09 14:19:58', '2022-05-09 14:19:58'),
(75, 'Dubner, Stephen', '2022-05-09 14:19:58', '2022-05-09 14:19:58'),
(76, 'Said, Edward', '2022-05-09 14:19:58', '2022-05-09 14:19:58'),
(77, 'Vapnik, Vladimir', '2022-05-09 14:19:58', '2022-05-09 14:19:58'),
(78, 'Menon, V P', '2022-05-09 14:19:58', '2022-05-09 14:19:58'),
(79, 'Mlodinow, Leonard', '2022-05-09 14:19:58', '2022-05-09 14:19:58'),
(80, 'Shih, Frank', '2022-05-09 14:19:58', '2022-05-09 14:19:58'),
(81, 'Konnikova, Maria', '2022-05-09 14:19:58', '2022-05-09 14:19:58'),
(82, 'Sebastian Gutierrez', '2022-05-09 14:19:58', '2022-05-09 14:19:58'),
(83, 'Vonnegut, Kurt', '2022-05-09 14:19:58', '2022-05-09 14:19:58'),
(84, 'Villani, Cedric', '2022-05-09 14:19:58', '2022-05-09 14:19:58'),
(85, 'Sussman, Gerald', '2022-05-09 14:19:58', '2022-05-09 14:19:58'),
(86, 'Goswami, Jaideva', '2022-05-09 14:23:42', '2022-05-09 14:23:42'),
(87, 'Foreman, John', '2022-05-09 14:23:42', '2022-05-09 14:23:42'),
(88, 'Hawking, Stephen', '2022-05-09 14:23:42', '2022-05-09 14:23:42'),
(89, 'Dubner, Stephen', '2022-05-09 14:23:42', '2022-05-09 14:23:42'),
(90, 'Said, Edward', '2022-05-09 14:23:42', '2022-05-09 14:23:42'),
(91, 'Vapnik, Vladimir', '2022-05-09 14:23:42', '2022-05-09 14:23:42'),
(92, 'Menon, V P', '2022-05-09 14:23:42', '2022-05-09 14:23:42'),
(93, 'Mlodinow, Leonard', '2022-05-09 14:23:42', '2022-05-09 14:23:42'),
(94, 'Shih, Frank', '2022-05-09 14:23:42', '2022-05-09 14:23:42'),
(95, 'Konnikova, Maria', '2022-05-09 14:23:42', '2022-05-09 14:23:42'),
(96, 'Sebastian Gutierrez', '2022-05-09 14:23:42', '2022-05-09 14:23:42'),
(97, 'Vonnegut, Kurt', '2022-05-09 14:23:42', '2022-05-09 14:23:42'),
(98, 'Villani, Cedric', '2022-05-09 14:23:42', '2022-05-09 14:23:42'),
(99, 'Sussman, Gerald', '2022-05-09 14:23:42', '2022-05-09 14:23:42'),
(100, 'Goswami, Jaideva', '2022-05-09 14:36:33', '2022-05-09 14:36:33'),
(101, 'Foreman, John', '2022-05-09 14:36:33', '2022-05-09 14:36:33'),
(102, 'Hawking, Stephen', '2022-05-09 14:36:33', '2022-05-09 14:36:33'),
(103, 'Dubner, Stephen', '2022-05-09 14:36:33', '2022-05-09 14:36:33'),
(104, 'Said, Edward', '2022-05-09 14:36:33', '2022-05-09 14:36:33'),
(105, 'Vapnik, Vladimir', '2022-05-09 14:36:33', '2022-05-09 14:36:33'),
(106, 'Menon, V P', '2022-05-09 14:36:33', '2022-05-09 14:36:33'),
(107, 'Mlodinow, Leonard', '2022-05-09 14:36:33', '2022-05-09 14:36:33'),
(108, 'Shih, Frank', '2022-05-09 14:36:33', '2022-05-09 14:36:33'),
(109, 'Konnikova, Maria', '2022-05-09 14:36:33', '2022-05-09 14:36:33'),
(110, 'Sebastian Gutierrez', '2022-05-09 14:36:33', '2022-05-09 14:36:33'),
(111, 'Vonnegut, Kurt', '2022-05-09 14:36:33', '2022-05-09 14:36:33'),
(112, 'Villani, Cedric', '2022-05-09 14:36:33', '2022-05-09 14:36:33'),
(113, 'Sussman, Gerald', '2022-05-09 14:36:33', '2022-05-09 14:36:33'),
(114, 'Goswami, Jaideva', '2022-05-09 15:00:40', '2022-05-09 15:00:40'),
(115, 'Foreman, John', '2022-05-09 15:00:40', '2022-05-09 15:00:40'),
(116, 'Hawking, Stephen', '2022-05-09 15:00:40', '2022-05-09 15:00:40'),
(117, 'Dubner, Stephen', '2022-05-09 15:00:40', '2022-05-09 15:00:40'),
(118, 'Said, Edward', '2022-05-09 15:00:40', '2022-05-09 15:00:40'),
(119, 'Vapnik, Vladimir', '2022-05-09 15:00:40', '2022-05-09 15:00:40'),
(120, 'Menon, V P', '2022-05-09 15:00:40', '2022-05-09 15:00:40'),
(121, 'Mlodinow, Leonard', '2022-05-09 15:00:40', '2022-05-09 15:00:40'),
(122, 'Shih, Frank', '2022-05-09 15:00:40', '2022-05-09 15:00:40'),
(123, 'Konnikova, Maria', '2022-05-09 15:00:40', '2022-05-09 15:00:40'),
(124, 'Sebastian Gutierrez', '2022-05-09 15:00:40', '2022-05-09 15:00:40'),
(125, 'Vonnegut, Kurt', '2022-05-09 15:00:40', '2022-05-09 15:00:40'),
(126, 'Villani, Cedric', '2022-05-09 15:00:40', '2022-05-09 15:00:40'),
(127, 'Sussman, Gerald', '2022-05-09 15:00:40', '2022-05-09 15:00:40'),
(128, 'Goswami, Jaideva', '2022-05-09 15:04:15', '2022-05-09 15:04:15'),
(129, 'Foreman, John', '2022-05-09 15:04:15', '2022-05-09 15:04:15'),
(130, 'Hawking, Stephen', '2022-05-09 15:04:15', '2022-05-09 15:04:15'),
(131, 'Dubner, Stephen', '2022-05-09 15:04:15', '2022-05-09 15:04:15'),
(132, 'Said, Edward', '2022-05-09 15:04:15', '2022-05-09 15:04:15'),
(133, 'Vapnik, Vladimir', '2022-05-09 15:04:15', '2022-05-09 15:04:15'),
(134, 'Menon, V P', '2022-05-09 15:04:15', '2022-05-09 15:04:15'),
(135, 'Mlodinow, Leonard', '2022-05-09 15:04:15', '2022-05-09 15:04:15'),
(136, 'Shih, Frank', '2022-05-09 15:04:15', '2022-05-09 15:04:15'),
(137, 'Konnikova, Maria', '2022-05-09 15:04:15', '2022-05-09 15:04:15'),
(138, 'Sebastian Gutierrez', '2022-05-09 15:04:15', '2022-05-09 15:04:15'),
(139, 'Vonnegut, Kurt', '2022-05-09 15:04:15', '2022-05-09 15:04:15'),
(140, 'Villani, Cedric', '2022-05-09 15:04:15', '2022-05-09 15:04:15'),
(141, 'Sussman, Gerald', '2022-05-09 15:04:15', '2022-05-09 15:04:15'),
(142, 'Goswami, Jaideva', '2022-05-09 18:41:52', '2022-05-09 18:41:52'),
(143, 'Foreman, John', '2022-05-09 18:41:52', '2022-05-09 18:41:52'),
(144, 'Hawking, Stephen', '2022-05-09 18:41:52', '2022-05-09 18:41:52'),
(145, 'Dubner, Stephen', '2022-05-09 18:41:52', '2022-05-09 18:41:52'),
(146, 'Said, Edward', '2022-05-09 18:41:52', '2022-05-09 18:41:52'),
(147, 'Vapnik, Vladimir', '2022-05-09 18:41:52', '2022-05-09 18:41:52'),
(148, 'Menon, V P', '2022-05-09 18:41:52', '2022-05-09 18:41:52'),
(149, 'Mlodinow, Leonard', '2022-05-09 18:41:52', '2022-05-09 18:41:52'),
(150, 'Shih, Frank', '2022-05-09 18:41:52', '2022-05-09 18:41:52'),
(151, 'Konnikova, Maria', '2022-05-09 18:41:52', '2022-05-09 18:41:52'),
(152, 'Sebastian Gutierrez', '2022-05-09 18:41:52', '2022-05-09 18:41:52'),
(153, 'Vonnegut, Kurt', '2022-05-09 18:41:52', '2022-05-09 18:41:52'),
(154, 'Villani, Cedric', '2022-05-09 18:41:52', '2022-05-09 18:41:52'),
(155, 'Sussman, Gerald', '2022-05-09 18:41:52', '2022-05-09 18:41:52');

-- --------------------------------------------------------

--
-- Table structure for table `books`
--

CREATE TABLE `books` (
  `id` bigint UNSIGNED NOT NULL,
  `name` varchar(255) COLLATE utf8mb4_unicode_ci NOT NULL,
  `published_year` date NOT NULL,
  `created_at` timestamp NULL DEFAULT NULL,
  `updated_at` timestamp NULL DEFAULT NULL
) ENGINE=InnoDB DEFAULT CHARSET=utf8mb4 COLLATE=utf8mb4_unicode_ci;

--
-- Dumping data for table `books`
--

INSERT INTO `books` (`id`, `name`, `published_year`, `created_at`, `updated_at`) VALUES
(1, 'Test', '2017-07-07', '2022-05-08 21:12:32', '2022-05-12 16:34:47'),
(2, 'Fundamentals of Wavelets', '1968-12-13', '2022-05-09 12:44:25', '2022-05-09 12:44:25'),
(3, 'Data Smart', '1934-02-19', '2022-05-09 12:44:25', '2022-05-09 12:44:25'),
(4, 'God Created the Integers', '2020-12-13', '2022-05-09 12:44:25', '2022-05-09 12:44:25'),
(5, 'Superfreakonomics', '2021-04-09', '2022-05-09 12:44:25', '2022-05-09 12:44:25'),
(6, 'Orientalism', '2008-11-25', '2022-05-09 12:44:25', '2022-05-09 12:44:25'),
(7, 'Nature of Statistical Learning Theory, The', '2004-01-29', '2022-05-09 12:44:25', '2022-05-09 12:44:25'),
(8, 'Integration of the Indian States', '2011-08-30', '2022-05-09 12:44:25', '2022-05-09 12:44:25'),
(9, 'Drunkard\'s Walk, The', '2018-11-25', '2022-05-09 12:44:25', '2022-05-09 12:44:25'),
(10, 'Image Processing & Mathematical Morphology', '2003-01-29', '2022-05-09 12:44:25', '2022-05-09 12:44:25'),
(11, 'How to Think Like Sherlock Holmes', '2012-07-11', '2022-05-09 12:44:25', '2022-05-09 12:44:25'),
(12, 'Data Scientists at Work', '1998-12-21', '2022-05-09 12:44:25', '2022-05-09 12:44:25'),
(13, 'Slaughterhouse Five', '2016-11-05', '2022-05-09 12:44:25', '2022-05-09 12:44:25'),
(14, 'Birth of a Theorem', '2021-06-16', '2022-05-09 12:44:25', '2022-05-09 12:44:25'),
(15, 'Structure & Interpretation of Computer Programs', '2019-03-19', '2022-05-09 12:44:25', '2022-05-09 12:44:25'),
(16, 'Fundamentals of Wavelets', '1968-12-13', '2022-05-09 12:45:01', '2022-05-09 12:45:01'),
(17, 'Data Smart', '1934-02-19', '2022-05-09 12:45:01', '2022-05-09 12:45:01'),
(18, 'God Created the Integers', '2020-12-13', '2022-05-09 12:45:01', '2022-05-09 12:45:01'),
(19, 'Superfreakonomics', '2021-04-09', '2022-05-09 12:45:01', '2022-05-09 12:45:01'),
(20, 'Orientalism', '2008-11-25', '2022-05-09 12:45:01', '2022-05-09 12:45:01'),
(21, 'Nature of Statistical Learning Theory, The', '2004-01-29', '2022-05-09 12:45:01', '2022-05-09 12:45:01'),
(22, 'Integration of the Indian States', '2011-08-30', '2022-05-09 12:45:01', '2022-05-09 12:45:01'),
(23, 'Drunkard\'s Walk, The', '2018-11-25', '2022-05-09 12:45:01', '2022-05-09 12:45:01'),
(24, 'Image Processing & Mathematical Morphology', '2003-01-29', '2022-05-09 12:45:01', '2022-05-09 12:45:01'),
(25, 'How to Think Like Sherlock Holmes', '2012-07-11', '2022-05-09 12:45:01', '2022-05-09 12:45:01'),
(26, 'Data Scientists at Work', '1998-12-21', '2022-05-09 12:45:01', '2022-05-09 12:45:01'),
(27, 'Slaughterhouse Five', '2016-11-05', '2022-05-09 12:45:01', '2022-05-09 12:45:01'),
(28, 'Birth of a Theorem', '2021-06-16', '2022-05-09 12:45:01', '2022-05-09 12:45:01'),
(29, 'Structure & Interpretation of Computer Programs', '2019-03-19', '2022-05-09 12:45:01', '2022-05-09 12:45:01'),
(30, 'Fundamentals of Wavelets', '1968-12-13', '2022-05-09 12:47:38', '2022-05-09 12:47:38'),
(31, 'Data Smart', '1934-02-19', '2022-05-09 12:47:38', '2022-05-09 12:47:38'),
(32, 'God Created the Integers', '2020-12-13', '2022-05-09 12:47:38', '2022-05-09 12:47:38'),
(33, 'Superfreakonomics', '2021-04-09', '2022-05-09 12:47:38', '2022-05-09 12:47:38'),
(34, 'Orientalism', '2008-11-25', '2022-05-09 12:47:38', '2022-05-09 12:47:38'),
(35, 'Nature of Statistical Learning Theory, The', '2004-01-29', '2022-05-09 12:47:38', '2022-05-09 12:47:38'),
(36, 'Integration of the Indian States', '2011-08-30', '2022-05-09 12:47:38', '2022-05-09 12:47:38'),
(37, 'Drunkard\'s Walk, The', '2018-11-25', '2022-05-09 12:47:38', '2022-05-09 12:47:38'),
(38, 'Image Processing & Mathematical Morphology', '2003-01-29', '2022-05-09 12:47:38', '2022-05-09 12:47:38'),
(39, 'How to Think Like Sherlock Holmes', '2012-07-11', '2022-05-09 12:47:38', '2022-05-09 12:47:38'),
(40, 'Data Scientists at Work', '1998-12-21', '2022-05-09 12:47:38', '2022-05-09 12:47:38'),
(41, 'Slaughterhouse Five', '2016-11-05', '2022-05-09 12:47:38', '2022-05-09 12:47:38'),
(42, 'Birth of a Theorem', '2021-06-16', '2022-05-09 12:47:38', '2022-05-09 12:47:38'),
(43, 'Structure & Interpretation of Computer Programs', '2019-03-19', '2022-05-09 12:47:38', '2022-05-09 12:47:38'),
(44, 'Fundamentals of Wavelets', '1968-12-13', '2022-05-09 13:06:03', '2022-05-09 13:06:03'),
(45, 'Data Smart', '1934-02-19', '2022-05-09 13:06:03', '2022-05-09 13:06:03'),
(46, 'God Created the Integers', '2020-12-13', '2022-05-09 13:06:03', '2022-05-09 13:06:03'),
(47, 'Superfreakonomics', '2021-04-09', '2022-05-09 13:06:03', '2022-05-09 13:06:03'),
(48, 'Orientalism', '2008-11-25', '2022-05-09 13:06:03', '2022-05-09 13:06:03'),
(49, 'Nature of Statistical Learning Theory, The', '2004-01-29', '2022-05-09 13:06:03', '2022-05-09 13:06:03'),
(50, 'Integration of the Indian States', '2011-08-30', '2022-05-09 13:06:03', '2022-05-09 13:06:03'),
(51, 'Drunkard\'s Walk, The', '2018-11-25', '2022-05-09 13:06:03', '2022-05-09 13:06:03'),
(52, 'Image Processing & Mathematical Morphology', '2003-01-29', '2022-05-09 13:06:03', '2022-05-09 13:06:03'),
(53, 'How to Think Like Sherlock Holmes', '2012-07-11', '2022-05-09 13:06:03', '2022-05-09 13:06:03'),
(54, 'Data Scientists at Work', '1998-12-21', '2022-05-09 13:06:03', '2022-05-09 13:06:03'),
(55, 'Slaughterhouse Five', '2016-11-05', '2022-05-09 13:06:03', '2022-05-09 13:06:03'),
(56, 'Birth of a Theorem', '2021-06-16', '2022-05-09 13:06:03', '2022-05-09 13:06:03'),
(57, 'Structure & Interpretation of Computer Programs', '2019-03-19', '2022-05-09 13:06:03', '2022-05-09 13:06:03'),
(58, 'Fundamentals of Wavelets', '1968-12-13', '2022-05-09 13:08:58', '2022-05-09 13:08:58'),
(59, 'Data Smart', '1934-02-19', '2022-05-09 13:08:58', '2022-05-09 13:08:58'),
(60, 'God Created the Integers', '2020-12-13', '2022-05-09 13:08:58', '2022-05-09 13:08:58'),
(61, 'Superfreakonomics', '2021-04-09', '2022-05-09 13:08:58', '2022-05-09 13:08:58'),
(62, 'Orientalism', '2008-11-25', '2022-05-09 13:08:58', '2022-05-09 13:08:58'),
(63, 'Nature of Statistical Learning Theory, The', '2004-01-29', '2022-05-09 13:08:58', '2022-05-09 13:08:58'),
(64, 'Integration of the Indian States', '2011-08-30', '2022-05-09 13:08:58', '2022-05-09 13:08:58'),
(65, 'Drunkard\'s Walk, The', '2018-11-25', '2022-05-09 13:08:58', '2022-05-09 13:08:58'),
(66, 'Image Processing & Mathematical Morphology', '2003-01-29', '2022-05-09 13:08:58', '2022-05-09 13:08:58'),
(67, 'How to Think Like Sherlock Holmes', '2012-07-11', '2022-05-09 13:08:58', '2022-05-09 13:08:58'),
(68, 'Data Scientists at Work', '1998-12-21', '2022-05-09 13:08:58', '2022-05-09 13:08:58'),
(69, 'Slaughterhouse Five', '2016-11-05', '2022-05-09 13:08:58', '2022-05-09 13:08:58'),
(70, 'Birth of a Theorem', '2021-06-16', '2022-05-09 13:08:58', '2022-05-09 13:08:58'),
(71, 'Structure & Interpretation of Computer Programs', '2019-03-19', '2022-05-09 13:08:58', '2022-05-09 13:08:58'),
(72, 'Fundamentals of Wavelets', '1968-12-13', '2022-05-09 14:19:58', '2022-05-09 14:19:58'),
(73, 'Data Smart', '1934-02-19', '2022-05-09 14:19:58', '2022-05-09 14:19:58'),
(74, 'God Created the Integers', '2020-12-13', '2022-05-09 14:19:58', '2022-05-09 14:19:58'),
(75, 'Superfreakonomics', '2021-04-09', '2022-05-09 14:19:58', '2022-05-09 14:19:58'),
(76, 'Orientalism', '2008-11-25', '2022-05-09 14:19:58', '2022-05-09 14:19:58'),
(77, 'Nature of Statistical Learning Theory, The', '2004-01-29', '2022-05-09 14:19:58', '2022-05-09 14:19:58'),
(78, 'Integration of the Indian States', '2011-08-30', '2022-05-09 14:19:58', '2022-05-09 14:19:58'),
(79, 'Drunkard\'s Walk, The', '2018-11-25', '2022-05-09 14:19:58', '2022-05-09 14:19:58'),
(80, 'Image Processing & Mathematical Morphology', '2003-01-29', '2022-05-09 14:19:58', '2022-05-09 14:19:58'),
(81, 'How to Think Like Sherlock Holmes', '2012-07-11', '2022-05-09 14:19:58', '2022-05-09 14:19:58'),
(82, 'Data Scientists at Work', '1998-12-21', '2022-05-09 14:19:58', '2022-05-09 14:19:58'),
(83, 'Slaughterhouse Five', '2016-11-05', '2022-05-09 14:19:58', '2022-05-09 14:19:58'),
(84, 'Birth of a Theorem', '2021-06-16', '2022-05-09 14:19:58', '2022-05-09 14:19:58'),
(85, 'Structure & Interpretation of Computer Programs', '2019-03-19', '2022-05-09 14:19:58', '2022-05-09 14:19:58'),
(86, 'Fundamentals of Wavelets', '1968-12-13', '2022-05-09 14:23:42', '2022-05-09 14:23:42'),
(87, 'Data Smart', '1934-02-19', '2022-05-09 14:23:42', '2022-05-09 14:23:42'),
(88, 'God Created the Integers', '2020-12-13', '2022-05-09 14:23:42', '2022-05-09 14:23:42'),
(89, 'Superfreakonomics', '2021-04-09', '2022-05-09 14:23:42', '2022-05-09 14:23:42'),
(90, 'Orientalism', '2008-11-25', '2022-05-09 14:23:42', '2022-05-09 14:23:42'),
(91, 'Nature of Statistical Learning Theory, The', '2004-01-29', '2022-05-09 14:23:42', '2022-05-09 14:23:42'),
(92, 'Integration of the Indian States', '2011-08-30', '2022-05-09 14:23:42', '2022-05-09 14:23:42'),
(93, 'Drunkard\'s Walk, The', '2018-11-25', '2022-05-09 14:23:42', '2022-05-09 14:23:42'),
(94, 'Image Processing & Mathematical Morphology', '2003-01-29', '2022-05-09 14:23:42', '2022-05-09 14:23:42'),
(95, 'How to Think Like Sherlock Holmes', '2012-07-11', '2022-05-09 14:23:42', '2022-05-09 14:23:42'),
(96, 'Data Scientists at Work', '1998-12-21', '2022-05-09 14:23:42', '2022-05-09 14:23:42'),
(97, 'Slaughterhouse Five', '2016-11-05', '2022-05-09 14:23:42', '2022-05-09 14:23:42'),
(98, 'Birth of a Theorem', '2021-06-16', '2022-05-09 14:23:42', '2022-05-09 14:23:42'),
(99, 'Structure & Interpretation of Computer Programs', '2019-03-19', '2022-05-09 14:23:42', '2022-05-09 14:23:42'),
(100, 'Fundamentals of Wavelets', '1968-12-13', '2022-05-09 14:36:33', '2022-05-09 14:36:33'),
(101, 'Data Smart', '1934-02-19', '2022-05-09 14:36:33', '2022-05-09 14:36:33'),
(102, 'God Created the Integers', '2020-12-13', '2022-05-09 14:36:33', '2022-05-09 14:36:33'),
(103, 'Superfreakonomics', '2021-04-09', '2022-05-09 14:36:33', '2022-05-09 14:36:33'),
(104, 'Orientalism', '2008-11-25', '2022-05-09 14:36:33', '2022-05-09 14:36:33'),
(105, 'Nature of Statistical Learning Theory, The', '2004-01-29', '2022-05-09 14:36:33', '2022-05-09 14:36:33'),
(106, 'Integration of the Indian States', '2011-08-30', '2022-05-09 14:36:33', '2022-05-09 14:36:33'),
(107, 'Drunkard\'s Walk, The', '2018-11-25', '2022-05-09 14:36:33', '2022-05-09 14:36:33'),
(108, 'Image Processing & Mathematical Morphology', '2003-01-29', '2022-05-09 14:36:33', '2022-05-09 14:36:33'),
(109, 'How to Think Like Sherlock Holmes', '2012-07-11', '2022-05-09 14:36:33', '2022-05-09 14:36:33'),
(110, 'Data Scientists at Work', '1998-12-21', '2022-05-09 14:36:33', '2022-05-09 14:36:33'),
(111, 'Slaughterhouse Five', '2016-11-05', '2022-05-09 14:36:33', '2022-05-09 14:36:33'),
(112, 'Birth of a Theorem', '2021-06-16', '2022-05-09 14:36:33', '2022-05-09 14:36:33'),
(113, 'Structure & Interpretation of Computer Programs', '2019-03-19', '2022-05-09 14:36:33', '2022-05-09 14:36:33'),
(114, 'Fundamentals of Wavelets', '1968-12-13', '2022-05-09 15:00:40', '2022-05-09 15:00:40'),
(115, 'Data Smart', '1934-02-19', '2022-05-09 15:00:40', '2022-05-09 15:00:40'),
(116, 'God Created the Integers', '2020-12-13', '2022-05-09 15:00:40', '2022-05-09 15:00:40'),
(117, 'Superfreakonomics', '2021-04-09', '2022-05-09 15:00:40', '2022-05-09 15:00:40'),
(118, 'Orientalism', '2008-11-25', '2022-05-09 15:00:40', '2022-05-09 15:00:40'),
(119, 'Nature of Statistical Learning Theory, The', '2004-01-29', '2022-05-09 15:00:40', '2022-05-09 15:00:40'),
(120, 'Integration of the Indian States', '2011-08-30', '2022-05-09 15:00:40', '2022-05-09 15:00:40'),
(121, 'Drunkard\'s Walk, The', '2018-11-25', '2022-05-09 15:00:40', '2022-05-09 15:00:40'),
(122, 'Image Processing & Mathematical Morphology', '2003-01-29', '2022-05-09 15:00:40', '2022-05-09 15:00:40'),
(123, 'How to Think Like Sherlock Holmes', '2012-07-11', '2022-05-09 15:00:40', '2022-05-09 15:00:40'),
(124, 'Data Scientists at Work', '1998-12-21', '2022-05-09 15:00:40', '2022-05-09 15:00:40'),
(125, 'Slaughterhouse Five', '2016-11-05', '2022-05-09 15:00:40', '2022-05-09 15:00:40'),
(126, 'Birth of a Theorem', '2021-06-16', '2022-05-09 15:00:40', '2022-05-09 15:00:40'),
(127, 'Structure & Interpretation of Computer Programs', '2019-03-19', '2022-05-09 15:00:40', '2022-05-09 15:00:40'),
(128, 'Fundamentals of Wavelets', '1968-12-13', '2022-05-09 15:04:15', '2022-05-09 15:04:15'),
(129, 'Data Smart', '1934-02-19', '2022-05-09 15:04:15', '2022-05-09 15:04:15'),
(130, 'God Created the Integers', '2020-12-13', '2022-05-09 15:04:15', '2022-05-09 15:04:15'),
(131, 'Superfreakonomics', '2021-04-09', '2022-05-09 15:04:15', '2022-05-09 15:04:15'),
(132, 'Orientalism', '2008-11-25', '2022-05-09 15:04:15', '2022-05-09 15:04:15'),
(133, 'Nature of Statistical Learning Theory, The', '2004-01-29', '2022-05-09 15:04:15', '2022-05-09 15:04:15'),
(134, 'Integration of the Indian States', '2011-08-30', '2022-05-09 15:04:15', '2022-05-09 15:04:15'),
(135, 'Drunkard\'s Walk, The', '2018-11-25', '2022-05-09 15:04:15', '2022-05-09 15:04:15'),
(136, 'Image Processing & Mathematical Morphology', '2003-01-29', '2022-05-09 15:04:15', '2022-05-09 15:04:15'),
(137, 'How to Think Like Sherlock Holmes', '2012-07-11', '2022-05-09 15:04:15', '2022-05-09 15:04:15'),
(138, 'Data Scientists at Work', '1998-12-21', '2022-05-09 15:04:15', '2022-05-09 15:04:15'),
(139, 'Slaughterhouse Five', '2016-11-05', '2022-05-09 15:04:15', '2022-05-09 15:04:15'),
(140, 'Birth of a Theorem', '2021-06-16', '2022-05-09 15:04:15', '2022-05-09 15:04:15'),
(141, 'Structure & Interpretation of Computer Programs', '2019-03-19', '2022-05-09 15:04:15', '2022-05-09 15:04:15'),
(142, 'Fundamentals of Wavelets', '1968-12-13', '2022-05-09 18:41:52', '2022-05-09 18:41:52'),
(143, 'Data Smart', '1934-02-19', '2022-05-09 18:41:52', '2022-05-09 18:41:52'),
(144, 'God Created the Integers', '2020-12-13', '2022-05-09 18:41:52', '2022-05-09 18:41:52'),
(145, 'Superfreakonomics', '2021-04-09', '2022-05-09 18:41:52', '2022-05-09 18:41:52'),
(146, 'Orientalism', '2008-11-25', '2022-05-09 18:41:52', '2022-05-09 18:41:52'),
(147, 'Nature of Statistical Learning Theory, The', '2004-01-29', '2022-05-09 18:41:52', '2022-05-09 18:41:52'),
(148, 'Integration of the Indian States', '2011-08-30', '2022-05-09 18:41:52', '2022-05-09 18:41:52'),
(149, 'Drunkard\'s Walk, The', '2018-11-25', '2022-05-09 18:41:52', '2022-05-09 18:41:52'),
(150, 'Image Processing & Mathematical Morphology', '2003-01-29', '2022-05-09 18:41:52', '2022-05-09 18:41:52'),
(151, 'How to Think Like Sherlock Holmes', '2012-07-11', '2022-05-09 18:41:52', '2022-05-09 18:41:52'),
(152, 'Data Scientists at Work', '1998-12-21', '2022-05-09 18:41:52', '2022-05-09 18:41:52'),
(153, 'Slaughterhouse Five', '2016-11-05', '2022-05-09 18:41:52', '2022-05-09 18:41:52'),
(154, 'Birth of a Theorem', '2021-06-16', '2022-05-09 18:41:52', '2022-05-09 18:41:52'),
(155, 'Structure & Interpretation of Computer Programs', '2019-03-19', '2022-05-09 18:41:52', '2022-05-09 18:41:52');

-- --------------------------------------------------------

--
-- Table structure for table `books_authors`
--

CREATE TABLE `books_authors` (
  `id` bigint UNSIGNED NOT NULL,
  `book_id` bigint UNSIGNED NOT NULL,
  `author_id` bigint UNSIGNED NOT NULL,
  `created_at` timestamp NULL DEFAULT NULL,
  `updated_at` timestamp NULL DEFAULT NULL
) ENGINE=InnoDB DEFAULT CHARSET=utf8mb4 COLLATE=utf8mb4_unicode_ci;

--
-- Dumping data for table `books_authors`
--

INSERT INTO `books_authors` (`id`, `book_id`, `author_id`, `created_at`, `updated_at`) VALUES
(1, 1, 1, '2022-05-08 14:10:42', NULL),
(18, 2, 2, '2022-05-09 14:36:33', '2022-05-09 14:36:33'),
(19, 3, 3, '2022-05-09 14:36:33', '2022-05-09 14:36:33'),
(20, 4, 4, '2022-05-09 14:36:33', '2022-05-09 14:36:33'),
(21, 5, 5, '2022-05-09 14:36:33', '2022-05-09 14:36:33'),
(22, 6, 6, '2022-05-09 14:36:33', '2022-05-09 14:36:33'),
(23, 7, 7, '2022-05-09 14:36:33', '2022-05-09 14:36:33'),
(24, 8, 8, '2022-05-09 14:36:33', '2022-05-09 14:36:33'),
(25, 9, 9, '2022-05-09 14:36:33', '2022-05-09 14:36:33'),
(26, 10, 10, '2022-05-09 14:36:33', '2022-05-09 14:36:33'),
(27, 11, 11, '2022-05-09 14:36:33', '2022-05-09 14:36:33'),
(28, 12, 12, '2022-05-09 14:36:33', '2022-05-09 14:36:33'),
(29, 13, 13, '2022-05-09 14:36:33', '2022-05-09 14:36:33'),
(30, 14, 14, '2022-05-09 14:36:33', '2022-05-09 14:36:33'),
(31, 15, 15, '2022-05-09 14:36:33', '2022-05-09 14:36:33'),
(32, 2, 2, '2022-05-09 15:04:15', '2022-05-09 15:04:15'),
(33, 3, 3, '2022-05-09 15:04:15', '2022-05-09 15:04:15'),
(34, 4, 4, '2022-05-09 15:04:15', '2022-05-09 15:04:15'),
(35, 5, 5, '2022-05-09 15:04:15', '2022-05-09 15:04:15'),
(36, 6, 6, '2022-05-09 15:04:15', '2022-05-09 15:04:15'),
(37, 7, 7, '2022-05-09 15:04:15', '2022-05-09 15:04:15'),
(38, 8, 8, '2022-05-09 15:04:15', '2022-05-09 15:04:15'),
(39, 9, 9, '2022-05-09 15:04:15', '2022-05-09 15:04:15'),
(40, 10, 10, '2022-05-09 15:04:15', '2022-05-09 15:04:15'),
(41, 11, 11, '2022-05-09 15:04:15', '2022-05-09 15:04:15'),
(42, 12, 12, '2022-05-09 15:04:15', '2022-05-09 15:04:15'),
(43, 13, 13, '2022-05-09 15:04:15', '2022-05-09 15:04:15'),
(44, 14, 14, '2022-05-09 15:04:15', '2022-05-09 15:04:15'),
(45, 15, 15, '2022-05-09 15:04:15', '2022-05-09 15:04:15'),
(46, 2, 2, '2022-05-09 18:41:52', '2022-05-09 18:41:52'),
(47, 3, 3, '2022-05-09 18:41:52', '2022-05-09 18:41:52'),
(48, 4, 4, '2022-05-09 18:41:52', '2022-05-09 18:41:52'),
(49, 5, 5, '2022-05-09 18:41:52', '2022-05-09 18:41:52'),
(50, 6, 6, '2022-05-09 18:41:52', '2022-05-09 18:41:52'),
(51, 7, 7, '2022-05-09 18:41:52', '2022-05-09 18:41:52'),
(52, 8, 8, '2022-05-09 18:41:52', '2022-05-09 18:41:52'),
(53, 9, 9, '2022-05-09 18:41:52', '2022-05-09 18:41:52'),
(54, 10, 10, '2022-05-09 18:41:52', '2022-05-09 18:41:52'),
(55, 11, 11, '2022-05-09 18:41:52', '2022-05-09 18:41:52'),
(56, 12, 12, '2022-05-09 18:41:52', '2022-05-09 18:41:52'),
(57, 13, 13, '2022-05-09 18:41:52', '2022-05-09 18:41:52'),
(58, 14, 14, '2022-05-09 18:41:52', '2022-05-09 18:41:52'),
(59, 15, 15, '2022-05-09 18:41:52', '2022-05-09 18:41:52');

-- --------------------------------------------------------

--
-- Table structure for table `books_publishers`
--

CREATE TABLE `books_publishers` (
  `id` bigint UNSIGNED NOT NULL,
  `book_id` bigint UNSIGNED NOT NULL,
  `pub_id` bigint UNSIGNED NOT NULL,
  `created_at` timestamp NULL DEFAULT NULL,
  `updated_at` timestamp NULL DEFAULT NULL
) ENGINE=InnoDB DEFAULT CHARSET=utf8mb4 COLLATE=utf8mb4_unicode_ci;

--
-- Dumping data for table `books_publishers`
--

INSERT INTO `books_publishers` (`id`, `book_id`, `pub_id`, `created_at`, `updated_at`) VALUES
(1, 1, 1, '2022-05-08 20:13:50', NULL),
(16, 2, 2, '2022-05-09 14:36:33', '2022-05-09 14:36:33'),
(17, 3, 2, '2022-05-09 14:36:33', '2022-05-09 14:36:33'),
(18, 4, 4, '2022-05-09 14:36:33', '2022-05-09 14:36:33'),
(19, 5, 5, '2022-05-09 14:36:33', '2022-05-09 14:36:33'),
(20, 6, 4, '2022-05-09 14:36:33', '2022-05-09 14:36:33'),
(21, 7, 7, '2022-05-09 14:36:33', '2022-05-09 14:36:33'),
(22, 8, 8, '2022-05-09 14:36:33', '2022-05-09 14:36:33'),
(23, 9, 4, '2022-05-09 14:36:33', '2022-05-09 14:36:33'),
(24, 10, 10, '2022-05-09 14:36:33', '2022-05-09 14:36:33'),
(25, 11, 4, '2022-05-09 14:36:33', '2022-05-09 14:36:33'),
(26, 12, 12, '2022-05-09 14:36:33', '2022-05-09 14:36:33'),
(27, 13, 13, '2022-05-09 14:36:33', '2022-05-09 14:36:33'),
(28, 14, 14, '2022-05-09 14:36:33', '2022-05-09 14:36:33'),
(29, 15, 15, '2022-05-09 14:36:33', '2022-05-09 14:36:33'),
(30, 2, 2, '2022-05-09 15:04:15', '2022-05-09 15:04:15'),
(31, 3, 2, '2022-05-09 15:04:15', '2022-05-09 15:04:15'),
(32, 4, 4, '2022-05-09 15:04:15', '2022-05-09 15:04:15'),
(33, 5, 5, '2022-05-09 15:04:15', '2022-05-09 15:04:15'),
(34, 6, 4, '2022-05-09 15:04:15', '2022-05-09 15:04:15'),
(35, 7, 7, '2022-05-09 15:04:15', '2022-05-09 15:04:15'),
(36, 8, 8, '2022-05-09 15:04:15', '2022-05-09 15:04:15'),
(37, 9, 4, '2022-05-09 15:04:15', '2022-05-09 15:04:15'),
(38, 10, 10, '2022-05-09 15:04:15', '2022-05-09 15:04:15'),
(39, 11, 4, '2022-05-09 15:04:15', '2022-05-09 15:04:15'),
(40, 12, 12, '2022-05-09 15:04:15', '2022-05-09 15:04:15'),
(41, 13, 13, '2022-05-09 15:04:15', '2022-05-09 15:04:15'),
(42, 14, 14, '2022-05-09 15:04:15', '2022-05-09 15:04:15'),
(43, 15, 15, '2022-05-09 15:04:15', '2022-05-09 15:04:15'),
(44, 2, 2, '2022-05-09 18:41:52', '2022-05-09 18:41:52'),
(45, 3, 2, '2022-05-09 18:41:52', '2022-05-09 18:41:52'),
(46, 4, 4, '2022-05-09 18:41:52', '2022-05-09 18:41:52'),
(47, 5, 5, '2022-05-09 18:41:52', '2022-05-09 18:41:52'),
(48, 6, 4, '2022-05-09 18:41:52', '2022-05-09 18:41:52'),
(49, 7, 7, '2022-05-09 18:41:52', '2022-05-09 18:41:52'),
(50, 8, 8, '2022-05-09 18:41:52', '2022-05-09 18:41:52'),
(51, 9, 4, '2022-05-09 18:41:52', '2022-05-09 18:41:52'),
(52, 10, 10, '2022-05-09 18:41:52', '2022-05-09 18:41:52'),
(53, 11, 4, '2022-05-09 18:41:52', '2022-05-09 18:41:52'),
(54, 12, 12, '2022-05-09 18:41:52', '2022-05-09 18:41:52'),
(55, 13, 13, '2022-05-09 18:41:52', '2022-05-09 18:41:52'),
(56, 14, 14, '2022-05-09 18:41:52', '2022-05-09 18:41:52'),
(57, 15, 15, '2022-05-09 18:41:52', '2022-05-09 18:41:52');

-- --------------------------------------------------------

--
-- Table structure for table `failed_jobs`
--

CREATE TABLE `failed_jobs` (
  `id` bigint UNSIGNED NOT NULL,
  `uuid` varchar(255) COLLATE utf8mb4_unicode_ci NOT NULL,
  `connection` text COLLATE utf8mb4_unicode_ci NOT NULL,
  `queue` text COLLATE utf8mb4_unicode_ci NOT NULL,
  `payload` longtext COLLATE utf8mb4_unicode_ci NOT NULL,
  `exception` longtext COLLATE utf8mb4_unicode_ci NOT NULL,
  `failed_at` timestamp NOT NULL DEFAULT CURRENT_TIMESTAMP
) ENGINE=InnoDB DEFAULT CHARSET=utf8mb4 COLLATE=utf8mb4_unicode_ci;

-- --------------------------------------------------------

--
-- Table structure for table `migrations`
--

CREATE TABLE `migrations` (
  `id` int UNSIGNED NOT NULL,
  `migration` varchar(255) COLLATE utf8mb4_unicode_ci NOT NULL,
  `batch` int NOT NULL
) ENGINE=InnoDB DEFAULT CHARSET=utf8mb4 COLLATE=utf8mb4_unicode_ci;

--
-- Dumping data for table `migrations`
--

INSERT INTO `migrations` (`id`, `migration`, `batch`) VALUES
(1, '2014_10_12_100000_create_password_resets_table', 1),
(2, '2019_08_19_000000_create_failed_jobs_table', 1),
(3, '2019_12_14_000001_create_personal_access_tokens_table', 1),
(4, '2022_05_06_115150_create_roles_table', 1),
(5, '2022_05_06_115351_create_users_table', 1),
(6, '2022_05_06_115444_create_books_table', 1),
(7, '2022_05_06_115513_create_authors_table', 1),
(8, '2022_05_06_115609_create_books_authors_table', 1),
(9, '2022_05_06_120613_create_publishers_table', 1),
(10, '2022_05_06_120630_create_books_publishers_table', 1);

-- --------------------------------------------------------

--
-- Table structure for table `password_resets`
--

CREATE TABLE `password_resets` (
  `email` varchar(255) COLLATE utf8mb4_unicode_ci NOT NULL,
  `token` varchar(255) COLLATE utf8mb4_unicode_ci NOT NULL,
  `created_at` timestamp NULL DEFAULT NULL
) ENGINE=InnoDB DEFAULT CHARSET=utf8mb4 COLLATE=utf8mb4_unicode_ci;

-- --------------------------------------------------------

--
-- Table structure for table `personal_access_tokens`
--

CREATE TABLE `personal_access_tokens` (
  `id` bigint UNSIGNED NOT NULL,
  `tokenable_type` varchar(255) COLLATE utf8mb4_unicode_ci NOT NULL,
  `tokenable_id` bigint UNSIGNED NOT NULL,
  `name` varchar(255) COLLATE utf8mb4_unicode_ci NOT NULL,
  `token` varchar(64) COLLATE utf8mb4_unicode_ci NOT NULL,
  `abilities` text COLLATE utf8mb4_unicode_ci,
  `last_used_at` timestamp NULL DEFAULT NULL,
  `created_at` timestamp NULL DEFAULT NULL,
  `updated_at` timestamp NULL DEFAULT NULL
) ENGINE=InnoDB DEFAULT CHARSET=utf8mb4 COLLATE=utf8mb4_unicode_ci;

--
-- Dumping data for table `personal_access_tokens`
--

INSERT INTO `personal_access_tokens` (`id`, `tokenable_type`, `tokenable_id`, `name`, `token`, `abilities`, `last_used_at`, `created_at`, `updated_at`) VALUES
(1, 'App\\Models\\User', 1, 'MyAuthApp', '53243858f55b7fc3024a9ed77fa9b87a49ccac5f141106cd16df28ea1a1619f5', '[\"*\"]', NULL, '2022-05-08 12:33:04', '2022-05-08 12:33:04');

-- --------------------------------------------------------

--
-- Table structure for table `publishers`
--

CREATE TABLE `publishers` (
  `id` bigint UNSIGNED NOT NULL,
  `name` varchar(255) COLLATE utf8mb4_unicode_ci NOT NULL,
  `created_at` timestamp NULL DEFAULT NULL,
  `updated_at` timestamp NULL DEFAULT NULL
) ENGINE=InnoDB DEFAULT CHARSET=utf8mb4 COLLATE=utf8mb4_unicode_ci;

--
-- Dumping data for table `publishers`
--

INSERT INTO `publishers` (`id`, `name`, `created_at`, `updated_at`) VALUES
(1, 'The Russian Messenger', '2022-05-08 20:56:49', NULL),
(2, 'Wiley', '2022-05-09 14:23:42', '2022-05-09 14:23:42'),
(3, 'Wiley', '2022-05-09 14:23:42', '2022-05-09 14:23:42'),
(4, 'Penguin', '2022-05-09 14:23:42', '2022-05-09 14:23:42'),
(5, 'HarperCollins', '2022-05-09 14:23:42', '2022-05-09 14:23:42'),
(6, 'Penguin', '2022-05-09 14:23:42', '2022-05-09 14:23:42'),
(7, 'Springer', '2022-05-09 14:23:42', '2022-05-09 14:23:42'),
(8, 'Orient Blackswan', '2022-05-09 14:23:42', '2022-05-09 14:23:42'),
(9, 'Penguin', '2022-05-09 14:23:42', '2022-05-09 14:23:42'),
(10, 'CRC', '2022-05-09 14:23:42', '2022-05-09 14:23:42'),
(11, 'Penguin', '2022-05-09 14:23:42', '2022-05-09 14:23:42'),
(12, 'Apress', '2022-05-09 14:23:42', '2022-05-09 14:23:42'),
(13, 'Random House', '2022-05-09 14:23:42', '2022-05-09 14:23:42'),
(14, 'Bodley Head', '2022-05-09 14:23:42', '2022-05-09 14:23:42'),
(15, 'MIT Press', '2022-05-09 14:23:42', '2022-05-09 14:23:42'),
(16, 'Wiley', '2022-05-09 14:36:33', '2022-05-09 14:36:33'),
(17, 'Wiley', '2022-05-09 14:36:33', '2022-05-09 14:36:33'),
(18, 'Penguin', '2022-05-09 14:36:33', '2022-05-09 14:36:33'),
(19, 'HarperCollins', '2022-05-09 14:36:33', '2022-05-09 14:36:33'),
(20, 'Penguin', '2022-05-09 14:36:33', '2022-05-09 14:36:33'),
(21, 'Springer', '2022-05-09 14:36:33', '2022-05-09 14:36:33'),
(22, 'Orient Blackswan', '2022-05-09 14:36:33', '2022-05-09 14:36:33'),
(23, 'Penguin', '2022-05-09 14:36:33', '2022-05-09 14:36:33'),
(24, 'CRC', '2022-05-09 14:36:33', '2022-05-09 14:36:33'),
(25, 'Penguin', '2022-05-09 14:36:33', '2022-05-09 14:36:33'),
(26, 'Apress', '2022-05-09 14:36:33', '2022-05-09 14:36:33'),
(27, 'Random House', '2022-05-09 14:36:33', '2022-05-09 14:36:33'),
(28, 'Bodley Head', '2022-05-09 14:36:33', '2022-05-09 14:36:33'),
(29, 'MIT Press', '2022-05-09 14:36:33', '2022-05-09 14:36:33'),
(30, 'Wiley', '2022-05-09 15:04:15', '2022-05-09 15:04:15'),
(31, 'Wiley', '2022-05-09 15:04:15', '2022-05-09 15:04:15'),
(32, 'Penguin', '2022-05-09 15:04:15', '2022-05-09 15:04:15'),
(33, 'HarperCollins', '2022-05-09 15:04:15', '2022-05-09 15:04:15'),
(34, 'Penguin', '2022-05-09 15:04:15', '2022-05-09 15:04:15'),
(35, 'Springer', '2022-05-09 15:04:15', '2022-05-09 15:04:15'),
(36, 'Orient Blackswan', '2022-05-09 15:04:15', '2022-05-09 15:04:15'),
(37, 'Penguin', '2022-05-09 15:04:15', '2022-05-09 15:04:15'),
(38, 'CRC', '2022-05-09 15:04:15', '2022-05-09 15:04:15'),
(39, 'Penguin', '2022-05-09 15:04:15', '2022-05-09 15:04:15'),
(40, 'Apress', '2022-05-09 15:04:15', '2022-05-09 15:04:15'),
(41, 'Random House', '2022-05-09 15:04:15', '2022-05-09 15:04:15'),
(42, 'Bodley Head', '2022-05-09 15:04:15', '2022-05-09 15:04:15'),
(43, 'MIT Press', '2022-05-09 15:04:15', '2022-05-09 15:04:15'),
(44, 'Wiley', '2022-05-09 18:41:52', '2022-05-09 18:41:52'),
(45, 'Wiley', '2022-05-09 18:41:52', '2022-05-09 18:41:52'),
(46, 'Penguin', '2022-05-09 18:41:52', '2022-05-09 18:41:52'),
(47, 'HarperCollins', '2022-05-09 18:41:52', '2022-05-09 18:41:52'),
(48, 'Penguin', '2022-05-09 18:41:52', '2022-05-09 18:41:52'),
(49, 'Springer', '2022-05-09 18:41:52', '2022-05-09 18:41:52'),
(50, 'Orient Blackswan', '2022-05-09 18:41:52', '2022-05-09 18:41:52'),
(51, 'Penguin', '2022-05-09 18:41:52', '2022-05-09 18:41:52'),
(52, 'CRC', '2022-05-09 18:41:52', '2022-05-09 18:41:52'),
(53, 'Penguin', '2022-05-09 18:41:52', '2022-05-09 18:41:52'),
(54, 'Apress', '2022-05-09 18:41:52', '2022-05-09 18:41:52'),
(55, 'Random House', '2022-05-09 18:41:52', '2022-05-09 18:41:52'),
(56, 'Bodley Head', '2022-05-09 18:41:52', '2022-05-09 18:41:52'),
(57, 'MIT Press', '2022-05-09 18:41:52', '2022-05-09 18:41:52');

-- --------------------------------------------------------

--
-- Table structure for table `roles`
--

CREATE TABLE `roles` (
  `id` bigint UNSIGNED NOT NULL,
  `name` varchar(255) COLLATE utf8mb4_unicode_ci NOT NULL,
  `created_at` timestamp NULL DEFAULT NULL,
  `updated_at` timestamp NULL DEFAULT NULL
) ENGINE=InnoDB DEFAULT CHARSET=utf8mb4 COLLATE=utf8mb4_unicode_ci;

--
-- Dumping data for table `roles`
--

INSERT INTO `roles` (`id`, `name`, `created_at`, `updated_at`) VALUES
(1, 'Admin', '2022-05-08 14:10:42', NULL),
(2, 'Member', '2022-05-08 14:10:42', NULL);

-- --------------------------------------------------------

--
-- Table structure for table `users`
--

CREATE TABLE `users` (
  `id` bigint UNSIGNED NOT NULL,
  `username` varchar(255) COLLATE utf8mb4_unicode_ci NOT NULL,
  `email` varchar(255) COLLATE utf8mb4_unicode_ci NOT NULL,
  `password` varchar(255) COLLATE utf8mb4_unicode_ci NOT NULL,
  `role_id` bigint UNSIGNED NOT NULL DEFAULT '2',
  `email_verified_at` timestamp NULL DEFAULT NULL,
  `verify_token` varchar(255) COLLATE utf8mb4_unicode_ci DEFAULT NULL,
  `remember_token` varchar(100) COLLATE utf8mb4_unicode_ci DEFAULT NULL,
  `created_at` timestamp NULL DEFAULT NULL,
  `updated_at` timestamp NULL DEFAULT NULL
) ENGINE=InnoDB DEFAULT CHARSET=utf8mb4 COLLATE=utf8mb4_unicode_ci;

--
-- Dumping data for table `users`
--

INSERT INTO `users` (`id`, `username`, `email`, `password`, `role_id`, `email_verified_at`, `verify_token`, `remember_token`, `created_at`, `updated_at`) VALUES
(1, 'jovan', 'jovan@gmail.com', '$2y$10$5mjE56aABaIdGXoAM4qCRuzkCVppNonLAT9DncUFBqQUoaIx2HRK.', 1, '2022-05-08 14:20:12', '07da12cdbfe681e289a84286c1e1c09a', NULL, '2022-05-08 14:20:12', NULL),
(4, 'pera', 'pera@gmail.com', '$2y$10$mVo2erAIHg1NRDZnew9.tuI4ab8.dCAF0GHXncUjQcQaEfljK6.zG', 2, '2022-05-08 12:58:01', '5a8de7090032bca9d491c32b3ec6b800', NULL, '2022-05-08 12:58:01', '2022-05-08 12:58:01'),
(6, 'laza', 'laza@gmail.com', '$2y$10$H8VqyoDH8uTrlFi.oC5Vx.FLax4IByyRZv0FqlznLJ0joqfbfv.e2', 2, '2022-05-08 13:10:43', '7e2169fd044df8edb440ce42a0d290f9', NULL, '2022-05-08 13:10:43', '2022-05-08 13:10:43'),
(8, 'zika', 'zika@gmail.com', '$2y$10$sKT7gJIZkMfHbogNy7r4UOy/P3FsSQE9CgdsQiUryCL1HKbXxcDUW', 2, NULL, NULL, NULL, '2022-05-12 13:17:24', '2022-05-12 13:17:24'),
(10, 'mira', 'mira@gmail.com', '$2y$10$KPeuUQzMl7xmTp6AM4LP/uAAGmxIJdlgJvoEEMnmIRiyOd0f9UUSG', 2, NULL, 'b966a1a2398d07b92c0555696ce2f586', NULL, '2022-05-12 13:56:07', '2022-05-12 13:56:07'),
(11, 'ivana', 'ivana@gmail.com', '$2y$10$PzAoOQLr596eDlflFZop2O3qw8q.g/wiD/7Zzd1iBsJ3NsWXdV2w2', 2, NULL, '9627a031f927e2e0a31de7f2ff064a69', NULL, '2022-05-12 14:18:26', '2022-05-12 14:18:26');

--
-- Indexes for dumped tables
--

--
-- Indexes for table `authors`
--
ALTER TABLE `authors`
  ADD PRIMARY KEY (`id`);

--
-- Indexes for table `books`
--
ALTER TABLE `books`
  ADD PRIMARY KEY (`id`);

--
-- Indexes for table `books_authors`
--
ALTER TABLE `books_authors`
  ADD PRIMARY KEY (`id`),
  ADD KEY `books_authors_book_id_foreign` (`book_id`),
  ADD KEY `books_authors_author_id_foreign` (`author_id`);

--
-- Indexes for table `books_publishers`
--
ALTER TABLE `books_publishers`
  ADD PRIMARY KEY (`id`),
  ADD KEY `books_publishers_book_id_foreign` (`book_id`),
  ADD KEY `books_publishers_pub_id_foreign` (`pub_id`);

--
-- Indexes for table `failed_jobs`
--
ALTER TABLE `failed_jobs`
  ADD PRIMARY KEY (`id`),
  ADD UNIQUE KEY `failed_jobs_uuid_unique` (`uuid`);

--
-- Indexes for table `migrations`
--
ALTER TABLE `migrations`
  ADD PRIMARY KEY (`id`);

--
-- Indexes for table `password_resets`
--
ALTER TABLE `password_resets`
  ADD KEY `password_resets_email_index` (`email`);

--
-- Indexes for table `personal_access_tokens`
--
ALTER TABLE `personal_access_tokens`
  ADD PRIMARY KEY (`id`),
  ADD UNIQUE KEY `personal_access_tokens_token_unique` (`token`),
  ADD KEY `personal_access_tokens_tokenable_type_tokenable_id_index` (`tokenable_type`,`tokenable_id`);

--
-- Indexes for table `publishers`
--
ALTER TABLE `publishers`
  ADD PRIMARY KEY (`id`);

--
-- Indexes for table `roles`
--
ALTER TABLE `roles`
  ADD PRIMARY KEY (`id`);

--
-- Indexes for table `users`
--
ALTER TABLE `users`
  ADD PRIMARY KEY (`id`),
  ADD UNIQUE KEY `users_username_unique` (`username`),
  ADD UNIQUE KEY `users_email_unique` (`email`),
  ADD KEY `users_role_id_foreign` (`role_id`);

--
-- AUTO_INCREMENT for dumped tables
--

--
-- AUTO_INCREMENT for table `authors`
--
ALTER TABLE `authors`
  MODIFY `id` bigint UNSIGNED NOT NULL AUTO_INCREMENT, AUTO_INCREMENT=156;

--
-- AUTO_INCREMENT for table `books`
--
ALTER TABLE `books`
  MODIFY `id` bigint UNSIGNED NOT NULL AUTO_INCREMENT, AUTO_INCREMENT=156;

--
-- AUTO_INCREMENT for table `books_authors`
--
ALTER TABLE `books_authors`
  MODIFY `id` bigint UNSIGNED NOT NULL AUTO_INCREMENT, AUTO_INCREMENT=60;

--
-- AUTO_INCREMENT for table `books_publishers`
--
ALTER TABLE `books_publishers`
  MODIFY `id` bigint UNSIGNED NOT NULL AUTO_INCREMENT, AUTO_INCREMENT=58;

--
-- AUTO_INCREMENT for table `failed_jobs`
--
ALTER TABLE `failed_jobs`
  MODIFY `id` bigint UNSIGNED NOT NULL AUTO_INCREMENT;

--
-- AUTO_INCREMENT for table `migrations`
--
ALTER TABLE `migrations`
  MODIFY `id` int UNSIGNED NOT NULL AUTO_INCREMENT, AUTO_INCREMENT=11;

--
-- AUTO_INCREMENT for table `personal_access_tokens`
--
ALTER TABLE `personal_access_tokens`
  MODIFY `id` bigint UNSIGNED NOT NULL AUTO_INCREMENT, AUTO_INCREMENT=2;

--
-- AUTO_INCREMENT for table `publishers`
--
ALTER TABLE `publishers`
  MODIFY `id` bigint UNSIGNED NOT NULL AUTO_INCREMENT, AUTO_INCREMENT=58;

--
-- AUTO_INCREMENT for table `roles`
--
ALTER TABLE `roles`
  MODIFY `id` bigint UNSIGNED NOT NULL AUTO_INCREMENT, AUTO_INCREMENT=3;

--
-- AUTO_INCREMENT for table `users`
--
ALTER TABLE `users`
  MODIFY `id` bigint UNSIGNED NOT NULL AUTO_INCREMENT, AUTO_INCREMENT=12;

--
-- Constraints for dumped tables
--

--
-- Constraints for table `books_authors`
--
ALTER TABLE `books_authors`
  ADD CONSTRAINT `books_authors_author_id_foreign` FOREIGN KEY (`author_id`) REFERENCES `authors` (`id`) ON DELETE CASCADE,
  ADD CONSTRAINT `books_authors_book_id_foreign` FOREIGN KEY (`book_id`) REFERENCES `books` (`id`) ON DELETE CASCADE;

--
-- Constraints for table `books_publishers`
--
ALTER TABLE `books_publishers`
  ADD CONSTRAINT `books_publishers_book_id_foreign` FOREIGN KEY (`book_id`) REFERENCES `books` (`id`) ON DELETE CASCADE,
  ADD CONSTRAINT `books_publishers_pub_id_foreign` FOREIGN KEY (`pub_id`) REFERENCES `publishers` (`id`) ON DELETE CASCADE;

--
-- Constraints for table `users`
--
ALTER TABLE `users`
  ADD CONSTRAINT `users_role_id_foreign` FOREIGN KEY (`role_id`) REFERENCES `roles` (`id`);
COMMIT;

/*!40101 SET CHARACTER_SET_CLIENT=@OLD_CHARACTER_SET_CLIENT */;
/*!40101 SET CHARACTER_SET_RESULTS=@OLD_CHARACTER_SET_RESULTS */;
/*!40101 SET COLLATION_CONNECTION=@OLD_COLLATION_CONNECTION */;
